Date,VCI,TCI ,VHI,VHI (%),Severity Class
2001-01-01,0.213855422,0.81674366,0.515299541,52,No Drought
2001-01-17,0.268072289,0.803179161,0.535625725,54,No Drought
2001-02-02,0.328313253,0.808860914,0.568587084,57,No Drought
2001-02-18,0.478915663,0.671156162,0.575035912,58,No Drought
2001-03-06,0.521084337,0.631803997,0.576444167,58,No Drought
2001-03-22,0.40060241,0.48275958,0.441680995,44,No Drought
2001-04-07,0.189759036,0.373469032,0.281614034,28,Moderate Drought
2001-04-23,0.054216867,0.349737755,0.201977311,20,Moderate Drought
2001-05-09,0.009036145,0.12167554,0.065355842,7,Extreme Drought
2001-05-25,0.012048193,0.311132557,0.161590375,16,Severe Drought
2001-06-10,0.078313253,0.426458866,0.25238606,25,Moderate Drought
2001-06-26,0.31626506,0.351429685,0.333847372,33,Mild Drought
2001-07-12,0.358433735,0.31751547,0.337974603,34,Mild Drought
2001-07-28,0.463855422,0.404757048,0.434306235,43,No Drought
2001-08-13,0.584337349,0.406007334,0.495172342,50,No Drought
2001-08-29,0.56626506,0.460788803,0.513526932,51,No Drought
2001-09-14,0.527108434,0.422109677,0.474609056,47,No Drought
2001-09-30,0.454819277,0.300548606,0.377683942,38,Mild Drought
2001-10-16,0.334337349,0.395287449,0.364812399,36,Mild Drought
2001-11-01,0.231927711,0.378951128,0.305439419,31,Mild Drought
2001-11-17,0.171686747,0.541968409,0.356827578,36,Mild Drought
2001-12-03,0.141566265,0.605259859,0.373413062,37,Mild Drought
2001-12-19,0.15060241,0.753540349,0.45207138,45,No Drought
2002-01-01,0.210843373,0.825051764,0.517947569,52,No Drought
2002-01-17,0.28313253,0.865556178,0.574344354,57,No Drought
2002-02-02,0.409638554,0.874587498,0.642113026,64,No Drought
2002-02-18,0.469879518,0.766574004,0.618226761,62,No Drought
2002-03-06,0.587349398,0.646414261,0.616881829,62,No Drought
2002-03-22,0.460843373,0.465165805,0.463004589,46,No Drought
2002-04-07,0.147590361,0.376003413,0.261796887,26,Moderate Drought
2002-04-23,0.078313253,0.173160388,0.12573682,13,Severe Drought
2002-05-09,0.027108434,0.200571315,0.113839874,11,Severe Drought
2002-05-25,0.003012048,0,0.001506024,0,Extreme Drought
2002-06-10,0.036144578,0.357888426,0.197016502,20,Severe Drought
2002-06-26,0.108433735,0.292088972,0.200261354,20,Moderate Drought
2002-07-12,0.165662651,0.380280382,0.272971516,27,Moderate Drought
2002-07-28,0.189759036,0.377359549,0.283559293,28,Moderate Drought
2002-08-13,0.38253012,0.314054983,0.348292552,35,Mild Drought
2002-08-29,0.379518072,0.364176844,0.371847458,37,Mild Drought
2002-09-14,0.412650602,0.3808367,0.396743651,40,Mild Drought
2002-09-30,0.379518072,0.355567762,0.367542917,37,Mild Drought
2002-10-16,0.298192771,0.326215804,0.312204287,31,Mild Drought
2002-11-01,0.192771084,0.463885316,0.3283282,33,Mild Drought
2002-11-17,0.162650602,0.599339362,0.380994982,38,Mild Drought
2002-12-03,0.126506024,0.63774927,0.382127647,38,Mild Drought
2002-12-19,0.186746988,0.801471122,0.494109055,49,No Drought
2003-01-01,0.253012048,0.891366223,0.572189136,57,No Drought
2003-01-17,0.313253012,0.916186001,0.614719507,61,No Drought
2003-02-02,0.457831325,0.788668396,0.623249861,62,No Drought
2003-02-18,0.572289157,0.791345185,0.681817171,68,No Drought
2003-03-06,0.493975904,0.832690634,0.663333269,66,No Drought
2003-03-22,0.346385542,0.620916385,0.483650964,48,No Drought
2003-04-07,0.123493976,0.459451336,0.291472656,29,Moderate Drought
2003-04-23,0.084337349,0.291120484,0.187728917,19,Severe Drought
2003-05-09,0.024096386,0.135434833,0.079765609,8,Extreme Drought
2003-05-25,0.018072289,0.177310369,0.097691329,10,Extreme Drought
2003-06-10,0.027108434,0.209956644,0.118532539,12,Severe Drought
2003-06-26,0.13253012,0.25826925,0.195399685,20,Severe Drought
2003-07-12,0.337349398,0.411994741,0.374672069,37,Mild Drought
2003-07-28,0.445783133,0.373666974,0.409725053,41,No Drought
2003-08-13,0.521084337,0.426154944,0.47361964,47,No Drought
2003-08-29,0.665662651,0.415703481,0.540683066,54,No Drought
2003-09-14,0.626506024,0.506273579,0.566389802,57,No Drought
2003-09-30,0.475903614,0.403899842,0.439901728,44,No Drought
2003-10-16,0.352409639,0.377149289,0.364779464,36,Mild Drought
2003-11-01,0.225903614,0.42799043,0.326947022,33,Mild Drought
2003-11-17,0.147590361,0.551276762,0.349433562,35,Mild Drought
2003-12-03,0.102409639,0.699691991,0.401050815,40,No Drought
2003-12-19,0.192771084,0.794602477,0.493686781,49,No Drought
2004-01-01,0.289156627,0.909485412,0.599321019,60,No Drought
2004-01-17,0.493975904,0.812551773,0.653263838,65,No Drought
2004-02-02,0.59939759,0.896704811,0.748051201,75,No Drought
2004-02-18,0.659638554,0.816633597,0.738136076,74,No Drought
2004-03-05,0.629518072,0.608046351,0.618782212,62,No Drought
2004-03-21,0.280120482,0.450781441,0.365450962,37,Mild Drought
2004-04-06,0.159638554,0.341932743,0.250785649,25,Moderate Drought
2004-04-22,0.093373494,0.252930505,0.173152,17,Severe Drought
2004-05-08,0.030120482,0.236151277,0.13313588,13,Severe Drought
2004-05-24,0,0.12861262,0.06430631,6,Extreme Drought
2004-06-09,0.036144578,0.289537118,0.162840848,16,Severe Drought
2004-06-25,0.108433735,0.353273864,0.230853799,23,Moderate Drought
2004-07-11,0.195783133,0.436185089,0.315984111,32,Mild Drought
2004-07-27,0.358433735,0.356591102,0.357512418,36,Mild Drought
2004-08-12,0.448795181,0.336663957,0.392729569,39,Mild Drought
2004-08-28,0.509036145,0.382359254,0.445697699,45,No Drought
2004-09-13,0.5,0.374451035,0.437225517,44,No Drought
2004-09-29,0.415662651,0.393266739,0.404464695,40,No Drought
2004-10-15,0.298192771,0.455286437,0.376739604,38,Mild Drought
2004-10-31,0.195783133,0.497264384,0.346523758,35,Mild Drought
2004-11-16,0.144578313,0.52842719,0.336502752,34,Mild Drought
2004-12-02,0.096385542,0.642152514,0.369269028,37,Mild Drought
2004-12-18,0.13253012,0.727902034,0.430216077,43,No Drought
2005-01-01,0.274096386,0.948465301,0.611280843,61,No Drought
2005-01-17,0.493975904,0.974954836,0.73446537,73,No Drought
2005-02-02,0.68373494,0.945040599,0.81438777,81,No Drought
2005-02-18,0.713855422,0.778595059,0.74622524,75,No Drought
2005-03-06,0.798192771,0.773940216,0.786066494,79,No Drought
2005-03-22,0.509036145,0.61836188,0.563699012,56,No Drought
2005-04-07,0.171686747,0.455367122,0.313526934,31,Mild Drought
2005-04-23,0.087349398,0.273124616,0.180237007,18,Severe Drought
2005-05-09,0.045180723,0.345685471,0.195433097,20,Severe Drought
2005-05-25,0.027108434,0.098501638,0.062805036,6,Extreme Drought
2005-06-10,0.045180723,0.153296359,0.099238541,10,Extreme Drought
2005-06-26,0.06626506,0.211198457,0.138731759,14,Severe Drought
2005-07-12,0.210843373,0.341837487,0.27634043,28,Moderate Drought
2005-07-28,0.304216867,0.378100555,0.341158711,34,Mild Drought
2005-08-13,0.34939759,0.348918316,0.349157953,35,Mild Drought
2005-08-29,0.388554217,0.369117989,0.378836103,38,Mild Drought
2005-09-14,0.575301205,0.335325295,0.45531325,46,No Drought
2005-09-30,0.5,0.472440343,0.486220172,49,No Drought
2005-10-16,0.364457831,0.367426115,0.365941973,37,Mild Drought
2005-11-01,0.231927711,0.446614688,0.3392712,34,Mild Drought
2005-11-17,0.171686747,0.572538462,0.372112605,37,Mild Drought
2005-12-03,0.087349398,0.67416033,0.380754864,38,Mild Drought
2005-12-19,0.126506024,0.789304204,0.457905114,46,No Drought
2006-01-01,0.186746988,0.847090306,0.516918647,52,No Drought
2006-01-17,0.343373494,0.942474833,0.642924163,64,No Drought
2006-02-02,0.620481928,0.825351587,0.722916757,72,No Drought
2006-02-18,0.557228916,0.693805279,0.625517097,63,No Drought
2006-03-06,0.542168675,0.620819138,0.581493906,58,No Drought
2006-03-22,0.28313253,0.663083525,0.473108027,47,No Drought
2006-04-07,0.120481928,0.413557699,0.267019813,27,Moderate Drought
2006-04-23,0.054216867,0.340975118,0.197595993,20,Severe Drought
2006-05-09,0,0.102747221,0.05137361,5,Extreme Drought
2006-05-25,0.015060241,0.328860401,0.171960321,17,Severe Drought
2006-06-10,0.06626506,0.219483868,0.142874464,14,Severe Drought
2006-06-26,0.126506024,0.409060256,0.26778314,27,Moderate Drought
2006-07-12,0.231927711,0.362709142,0.297318426,30,Moderate Drought
2006-07-28,0.454819277,0.38727046,0.421044869,42,No Drought
2006-08-13,0.518072289,0.332372531,0.42522241,43,No Drought
2006-08-29,0.611445783,0.420890525,0.516168154,52,No Drought
2006-09-14,0.536144578,0.397683497,0.466914038,47,No Drought
2006-09-30,0.469879518,0.342450373,0.406164946,41,No Drought
2006-10-16,0.331325301,0.356072277,0.343698789,34,Mild Drought
2006-11-01,0.21686747,0.47115163,0.34400955,34,Mild Drought
2006-11-17,0.201807229,0.569466327,0.385636778,39,Mild Drought
2006-12-03,0.114457831,0.715158925,0.414808378,41,No Drought
2006-12-19,0.186746988,0.847740893,0.51724394,52,No Drought
2007-01-01,0.253012048,0.846261035,0.549636542,55,No Drought
2007-01-17,0.454819277,0.954319274,0.704569276,70,No Drought
2007-02-02,0.680722892,0.879319578,0.780021235,78,No Drought
2007-02-18,0.695783133,0.855858178,0.775820655,78,No Drought
2007-03-06,0.680722892,0.799130983,0.739926938,74,No Drought
2007-03-22,0.545180723,0.661597406,0.603389064,60,No Drought
2007-04-07,0.225903614,0.376610989,0.301257302,30,Mild Drought
2007-04-23,0.096385542,0.170867998,0.13362677,13,Severe Drought
2007-05-09,0.045180723,0.018655393,0.031918058,3,Extreme Drought
2007-05-25,0.039156627,0.177992019,0.108574323,11,Severe Drought
2007-06-10,0.060240964,0.133473081,0.096857022,10,Extreme Drought
2007-06-26,0.240963855,0.412567086,0.326765471,33,Mild Drought
2007-07-12,0.295180723,0.343248484,0.319214603,32,Mild Drought
2007-07-28,0.397590361,0.411008893,0.404299627,40,No Drought
2007-08-13,0.512048193,0.305975589,0.409011891,41,No Drought
2007-08-29,0.596385542,0.392270166,0.494327854,49,No Drought
2007-09-14,0.641566265,0.469865567,0.555715916,56,No Drought
2007-09-30,0.493975904,0.403738074,0.448856989,45,No Drought
2007-10-16,0.412650602,0.354171336,0.383410969,38,Mild Drought
2007-11-01,0.277108434,0.411557658,0.344333046,34,Mild Drought
2007-11-17,0.165662651,0.527186174,0.346424412,35,Mild Drought
2007-12-03,0.141566265,0.664337657,0.402951961,40,No Drought
2007-12-19,0.186746988,0.856220798,0.521483893,52,No Drought
2008-01-01,0.301204819,0.904425953,0.602815386,60,No Drought
2008-01-17,0.43373494,0.879661268,0.656698104,66,No Drought
2008-02-02,0.496987952,0.978326925,0.737657439,74,No Drought
2008-02-18,0.572289157,0.897061334,0.734675245,73,No Drought
2008-03-05,0.563253012,0.646100794,0.604676903,60,No Drought
2008-03-21,0.43373494,0.516735507,0.475235223,48,No Drought
2008-04-06,0.147590361,0.52284679,0.335218576,34,Mild Drought
2008-04-22,0.072289157,0.290260105,0.181274631,18,Severe Drought
2008-05-08,0.039156627,0.168129203,0.103642915,10,Severe Drought
2008-05-24,0.042168675,0.326141478,0.184155076,18,Severe Drought
2008-06-09,0.054216867,0.414280687,0.234248777,23,Moderate Drought
2008-06-25,0.11746988,0.4376206,0.27754524,28,Moderate Drought
2008-07-11,0.280120482,0.353607603,0.316864042,32,Mild Drought
2008-07-27,0.421686747,0.405223136,0.413454941,41,No Drought
2008-08-12,0.596385542,0.440364298,0.51837492,52,No Drought
2008-08-28,0.590361446,0.422360479,0.506360963,51,No Drought
2008-09-13,0.572289157,0.396229309,0.484259233,48,No Drought
2008-09-29,0.439759036,0.433170717,0.436464877,44,No Drought
2008-10-15,0.298192771,0.316681823,0.307437297,31,Mild Drought
2008-10-31,0.213855422,0.454090068,0.333972745,33,Mild Drought
2008-11-16,0.114457831,0.505823119,0.310140475,31,Mild Drought
2008-12-02,0.090361446,0.64310113,0.366731288,37,Mild Drought
2008-12-18,0.361445783,0.711156989,0.536301386,54,No Drought
2009-01-01,0.421686747,0.715460331,0.568573539,57,No Drought
2009-01-17,0.704819277,0.948371351,0.826595314,83,No Drought
2009-02-02,0.686746988,0.95175576,0.819251374,82,No Drought
2009-02-18,0.662650602,0.874191093,0.768420848,77,No Drought
2009-03-06,0.569277108,0.709638541,0.639457825,64,No Drought
2009-03-22,0.271084337,0.526118584,0.398601461,40,Mild Drought
2009-04-07,0.09939759,0.478762546,0.289080068,29,Moderate Drought
2009-04-23,0.039156627,0.216988321,0.128072474,13,Severe Drought
2009-05-09,0.012048193,0.131446012,0.071747102,7,Extreme Drought
2009-05-25,0.006024096,0.030311039,0.018167568,2,Extreme Drought
2009-06-10,0.096385542,0.136579399,0.116482471,12,Severe Drought
2009-06-26,0.147590361,0.230504764,0.189047563,19,Severe Drought
2009-07-12,0.319277108,0.34157688,0.330426994,33,Mild Drought
2009-07-28,0.34939759,0.370184522,0.359791056,36,Mild Drought
2009-08-13,0.412650602,0.376960096,0.394805349,39,Mild Drought
2009-08-29,0.554216867,0.328124297,0.441170582,44,No Drought
2009-09-14,0.469879518,0.413622356,0.441750937,44,No Drought
2009-09-30,0.445783133,0.303825701,0.374804417,37,Mild Drought
2009-10-16,0.277108434,0.354376296,0.315742365,32,Mild Drought
2009-11-01,0.138554217,0.45896179,0.298758004,30,Moderate Drought
2009-11-17,0.06626506,0.607352643,0.336808852,34,Mild Drought
2009-12-03,0.072289157,0.687415109,0.379852133,38,Mild Drought
2009-12-19,0.237951807,0.780165172,0.50905849,51,No Drought
2010-01-01,0.340361446,0.846565722,0.593463584,59,No Drought
2010-01-17,0.614457831,0.803016336,0.708737084,71,No Drought
2010-02-02,0.644578313,0.858622147,0.75160023,75,No Drought
2010-02-18,0.692771084,0.81777896,0.755275022,76,No Drought
2010-03-06,0.719879518,0.645815946,0.682847732,68,No Drought
2010-03-22,0.322289157,0.4647029,0.393496028,39,Mild Drought
2010-04-07,0.13253012,0.327118975,0.229824548,23,Moderate Drought
2010-04-23,0.063253012,0.146953488,0.10510325,11,Severe Drought
2010-05-09,0.021084337,0.139133108,0.080108723,8,Extreme Drought
2010-05-25,0,0.083634213,0.041817107,4,Extreme Drought
2010-06-10,0.042168675,0.245697316,0.143932995,14,Severe Drought
2010-06-26,0.153614458,0.257589454,0.205601956,21,Moderate Drought
2010-07-12,0.180722892,0.35507676,0.267899826,27,Moderate Drought
2010-07-28,0.506024096,0.366266318,0.436145207,44,No Drought
2010-08-13,0.623493976,0.415128485,0.519311231,52,No Drought
2010-08-29,0.608433735,0.46995831,0.539196022,54,No Drought
2010-09-14,0.662650602,0.428155644,0.545403123,55,No Drought
2010-09-30,0.490963855,0.393001366,0.441982611,44,No Drought
2010-10-16,0.364457831,0.348387433,0.356422632,36,Mild Drought
2010-11-01,0.265060241,0.468563739,0.36681199,37,Mild Drought
2010-11-17,0.165662651,0.547907323,0.356784987,36,Mild Drought
2010-12-03,0.153614458,0.641321814,0.397468136,40,Mild Drought
2010-12-19,0.210843373,0.832237524,0.521540449,52,No Drought
2011-01-01,0.391566265,0.926964205,0.659265235,66,No Drought
2011-01-17,0.623493976,0.813487672,0.718490824,72,No Drought
2011-02-02,0.710843373,0.983535696,0.847189535,85,No Drought
2011-02-18,0.86746988,0.787160414,0.827315147,83,No Drought
2011-03-06,0.780120482,0.77159067,0.775855576,78,No Drought
2011-03-22,0.548192771,0.538055768,0.543124269,54,No Drought
2011-04-07,0.21686747,0.501906372,0.359386921,36,Mild Drought
2011-04-23,0.084337349,0.32823466,0.206286005,21,Moderate Drought
2011-05-09,0.042168675,0.093490273,0.067829474,7,Extreme Drought
2011-05-25,0.039156627,0.115558695,0.077357661,8,Extreme Drought
2011-06-10,0.069277108,0.206240351,0.13775873,14,Severe Drought
2011-06-26,0.219879518,0.309916315,0.264897917,26,Moderate Drought
2011-07-12,0.298192771,0.376040499,0.337116635,34,Mild Drought
2011-07-28,0.460843373,0.391552479,0.426197926,43,No Drought
2011-08-13,0.68373494,0.376232741,0.52998384,53,No Drought
2011-08-29,0.912650602,0.490102211,0.701376407,70,No Drought
2011-09-14,0.774096386,0.570006618,0.672051502,67,No Drought
2011-09-30,0.659638554,0.491640394,0.575639474,58,No Drought
2011-10-16,0.481927711,0.394915422,0.438421566,44,No Drought
2011-11-01,0.334337349,0.451340011,0.39283868,39,Mild Drought
2011-11-17,0.271084337,0.505846041,0.388465189,39,Mild Drought
2011-12-03,0.237951807,0.62604182,0.431996814,43,No Drought
2011-12-19,0.21686747,0.781635126,0.499251298,50,No Drought
2012-01-01,0.310240964,0.968520971,0.639380967,64,No Drought
2012-01-17,0.457831325,0.966840201,0.712335763,71,No Drought
2012-02-02,0.554216867,0.915052697,0.734634782,73,No Drought
2012-02-18,0.644578313,0.912854453,0.778716383,78,No Drought
2012-03-05,0.731927711,0.819807086,0.775867399,78,No Drought
2012-03-21,0.328313253,0.651143691,0.489728472,49,No Drought
2012-04-06,0.192771084,0.487323135,0.34004711,34,Mild Drought
2012-04-22,0.096385542,0.422157772,0.259271657,26,Moderate Drought
2012-05-08,0.060240964,0.254223325,0.157232144,16,Severe Drought
2012-05-24,0.036144578,0.151351829,0.093748204,9,Extreme Drought
2012-06-09,0.072289157,0.165293559,0.118791358,12,Severe Drought
2012-06-25,0.126506024,0.234614811,0.180560418,18,Severe Drought
2012-07-11,0.262048193,0.256872426,0.25946031,26,Moderate Drought
2012-07-27,0.370481928,0.312376224,0.341429076,34,Mild Drought
2012-08-12,0.587349398,0.41006187,0.498705634,50,No Drought
2012-08-28,0.719879518,0.407323872,0.563601695,56,No Drought
2012-09-13,0.777108434,0.500841831,0.638975132,64,No Drought
2012-09-29,0.614457831,0.44382409,0.529140961,53,No Drought
2012-10-15,0.524096386,0.323666201,0.423881293,42,No Drought
2012-10-31,0.36746988,0.544668517,0.456069198,46,No Drought
2012-11-16,0.207831325,0.571509162,0.389670244,39,Mild Drought
2012-12-02,0.168674699,0.650882424,0.409778561,41,No Drought
2012-12-18,0.262048193,0.773417285,0.517732739,52,No Drought
2013-01-01,0.325301205,0.870590243,0.597945724,60,No Drought
2013-01-17,0.554216867,0.745071843,0.649644355,65,No Drought
2013-02-02,0.704819277,0.914090965,0.809455121,81,No Drought
2013-02-18,0.828313253,0.902109134,0.865211193,87,No Drought
2013-03-06,0.798192771,0.808077513,0.803135142,80,No Drought
2013-03-22,0.560240964,0.573221705,0.566731335,57,No Drought
2013-04-07,0.222891566,0.540846366,0.381868966,38,Mild Drought
2013-04-23,0.153614458,0.302023862,0.22781916,23,Moderate Drought
2013-05-09,0.093373494,0.141011924,0.117192709,12,Severe Drought
2013-05-25,0.075301205,0.034806627,0.055053916,6,Extreme Drought
2013-06-10,0.186746988,0.001979372,0.09436318,9,Extreme Drought
2013-06-26,0.228915663,0.261294087,0.245104875,25,Moderate Drought
2013-07-12,0.373493976,0.346649455,0.360071715,36,Mild Drought
2013-07-28,0.518072289,0.299133504,0.408602896,41,No Drought
2013-08-13,0.734939759,0.323358172,0.529148966,53,No Drought
2013-08-29,0.680722892,0.523097194,0.601910043,60,No Drought
2013-09-14,0.620481928,0.41852627,0.519504099,52,No Drought
2013-09-30,0.554216867,0.364345368,0.459281118,46,No Drought
2013-10-16,0.388554217,0.378253313,0.383403765,38,Mild Drought
2013-11-01,0.256024096,0.423726828,0.339875462,34,Mild Drought
2013-11-17,0.180722892,0.587856745,0.384289818,38,Mild Drought
2013-12-03,0.168674699,0.607237378,0.387956038,39,Mild Drought
2013-12-19,0.325301205,0.702345598,0.513823401,51,No Drought
2014-01-01,0.385542169,0.850393678,0.617967923,62,No Drought
2014-01-17,0.560240964,1,0.780120482,78,No Drought
2014-02-02,0.84939759,0.806720173,0.828058882,83,No Drought
2014-02-18,0.75,0.848652676,0.799326338,80,No Drought
2014-03-06,0.680722892,0.778120085,0.729421488,73,No Drought
2014-03-22,0.496987952,0.589027542,0.543007747,54,No Drought
2014-04-07,0.171686747,0.56766674,0.369676743,37,Mild Drought
2014-04-23,0.096385542,0.324499552,0.210442547,21,Moderate Drought
2014-05-09,0.054216867,0.061904034,0.058060451,6,Extreme Drought
2014-05-25,0.084337349,0.32120974,0.202773545,20,Moderate Drought
2014-06-10,0.096385542,0.07076683,0.083576186,8,Extreme Drought
2014-06-26,0.195783133,0.321180062,0.258481597,26,Moderate Drought
2014-07-12,0.295180723,0.421907767,0.358544245,36,Mild Drought
2014-07-28,0.605421687,0.309475263,0.457448475,46,No Drought
2014-08-13,0.575301205,0.398013926,0.486657565,49,No Drought
2014-08-29,0.698795181,0.378498814,0.538646997,54,No Drought
2014-09-14,0.68373494,0.508087875,0.595911407,60,No Drought
2014-09-30,0.542168675,0.38801663,0.465092653,47,No Drought
2014-10-16,0.38253012,0.398600581,0.390565351,39,Mild Drought
2014-11-01,0.219879518,0.472070568,0.345975043,35,Mild Drought
2014-11-17,0.147590361,0.537008449,0.342299405,34,Mild Drought
2014-12-03,0.126506024,0.61610693,0.371306477,37,Mild Drought
2014-12-19,0.301204819,0.784775229,0.542990024,54,No Drought
2015-01-01,0.292168675,0.774472663,0.533320669,53,No Drought
2015-01-17,0.484939759,0.811088177,0.648013968,65,No Drought
2015-02-02,0.704819277,0.855444153,0.780131715,78,No Drought
2015-02-18,0.780120482,0.847654509,0.813887495,81,No Drought
2015-03-06,0.704819277,0.845353456,0.775086367,78,No Drought
2015-03-22,0.43373494,0.750772672,0.592253806,59,No Drought
2015-04-07,0.138554217,0.570615796,0.354585006,35,Mild Drought
2015-04-23,0.13253012,0.331272214,0.231901167,23,Moderate Drought
2015-05-09,0.060240964,0.131569889,0.095905426,10,Extreme Drought
2015-05-25,0.06626506,0.125444034,0.095854547,10,Extreme Drought
2015-06-10,0.13253012,0.151712197,0.142121159,14,Severe Drought
2015-06-26,0.21686747,0.265699584,0.241283527,24,Moderate Drought
2015-07-12,0.478915663,0.421453201,0.450184432,45,No Drought
2015-07-28,0.725903614,0.396464742,0.561184178,56,No Drought
2015-08-13,0.740963855,0.461622689,0.601293272,60,No Drought
2015-08-29,0.641566265,0.535236288,0.588401276,59,No Drought
2015-09-14,0.644578313,0.360594893,0.502586603,50,No Drought
2015-09-30,0.521084337,0.434811187,0.477947762,48,No Drought
2015-10-16,0.379518072,0.36179762,0.370657846,37,Mild Drought
2015-11-01,0.262048193,0.478998241,0.370523217,37,Mild Drought
2015-11-17,0.189759036,0.568572164,0.3791656,38,Mild Drought
2015-12-03,0.237951807,0.658445643,0.448198725,45,No Drought
2015-12-19,0.322289157,0.824902185,0.573595671,57,No Drought
2016-01-01,0.46686747,0.926333913,0.696600691,70,No Drought
2016-01-17,0.789156627,0.886207506,0.837682066,84,No Drought
2016-02-02,0.695783133,0.721463247,0.70862319,71,No Drought
2016-02-18,0.807228916,0.813131671,0.810180293,81,No Drought
2016-03-05,0.71686747,0.657862298,0.687364884,69,No Drought
2016-03-21,0.472891566,0.67741265,0.575152108,58,No Drought
2016-04-06,0.192771084,0.515318811,0.354044948,35,Mild Drought
2016-04-22,0.105421687,0.309415907,0.207418797,21,Moderate Drought
2016-05-08,0.051204819,0.115272254,0.083238537,8,Extreme Drought
2016-05-24,0.063253012,0.037361133,0.050307072,5,Extreme Drought
2016-06-09,0.072289157,0.133617228,0.102953192,10,Severe Drought
2016-06-25,0.180722892,0.278916073,0.229819482,23,Moderate Drought
2016-07-11,0.328313253,0.350333158,0.339323206,34,Mild Drought
2016-07-27,0.469879518,0.283815221,0.37684737,38,Mild Drought
2016-08-12,0.569277108,0.38605687,0.477666989,48,No Drought
2016-08-28,0.795180723,0.409005941,0.602093332,60,No Drought
2016-09-13,0.665662651,0.510413304,0.588037977,59,No Drought
2016-09-29,0.536144578,0.355538482,0.44584153,45,No Drought
2016-10-15,0.394578313,0.368381089,0.381479701,38,Mild Drought
2016-10-31,0.198795181,0.406217457,0.302506319,30,Mild Drought
2016-11-16,0.141566265,0.566819876,0.35419307,35,Mild Drought
2016-12-02,0.108433735,0.608388302,0.358411019,36,Mild Drought
2016-12-18,0.319277108,0.700973948,0.510125528,51,No Drought
2017-01-01,0.608433735,0.837739113,0.723086424,72,No Drought
2017-01-17,0.822289157,0.880069332,0.851179245,85,No Drought
2017-02-02,0.768072289,0.910253844,0.839163067,84,No Drought
2017-02-18,0.762048193,0.800282705,0.781165449,78,No Drought
2017-03-06,0.701807229,0.694511704,0.698159466,70,No Drought
2017-03-22,0.307228916,0.682121808,0.494675362,49,No Drought
2017-04-07,0.129518072,0.376261883,0.252889978,25,Moderate Drought
2017-04-23,0.063253012,0.126939162,0.095096087,10,Extreme Drought
2017-05-09,0.030120482,0.186571424,0.108345953,11,Severe Drought
2017-05-25,0.048192771,0.153512182,0.100852476,10,Severe Drought
2017-06-10,0.11746988,0.231069693,0.174269786,17,Severe Drought
2017-06-26,0.334337349,0.435049532,0.384693441,38,Mild Drought
2017-07-12,0.481927711,0.396245075,0.439086393,44,No Drought
2017-07-28,0.487951807,0.284085895,0.386018851,39,Mild Drought
2017-08-13,0.496987952,0.362524453,0.429756203,43,No Drought
2017-08-29,0.725903614,0.370388684,0.548146149,55,No Drought
2017-09-14,0.638554217,0.489543902,0.564049059,56,No Drought
2017-09-30,0.53313253,0.32009856,0.426615545,43,No Drought
2017-10-16,0.343373494,0.315069177,0.329221335,33,Mild Drought
2017-11-01,0.147590361,0.438664074,0.293127218,29,Moderate Drought
2017-11-17,0.108433735,0.605816575,0.357125155,36,Mild Drought
2017-12-03,0.15060241,0.644253909,0.397428159,40,Mild Drought
2017-12-19,0.210843373,0.797598761,0.504221067,50,No Drought
2018-01-01,0.527108434,0.906982162,0.717045298,72,No Drought
2018-01-17,0.656626506,0.901768638,0.779197572,78,No Drought
2018-02-02,0.707831325,0.902604241,0.805217783,81,No Drought
2018-02-18,0.786144578,0.872936961,0.82954077,83,No Drought
2018-03-06,0.68373494,0.688529997,0.686132468,69,No Drought
2018-03-22,0.331325301,0.522933833,0.427129567,43,No Drought
2018-04-07,0.111445783,0.346058556,0.22875217,23,Moderate Drought
2018-04-23,0.054216867,0.314999356,0.184608112,18,Severe Drought
2018-05-09,0.042168675,0.249156449,0.145662562,15,Severe Drought
2018-05-25,0.03313253,0.229320055,0.131226293,13,Severe Drought
2018-06-10,0.138554217,0.106004443,0.12227933,12,Severe Drought
2018-06-26,0.274096386,0.459500887,0.366798636,37,Mild Drought
2018-07-12,0.397590361,0.468891119,0.43324074,43,No Drought
2018-07-28,0.469879518,0.351390681,0.4106351,41,No Drought
2018-08-13,0.557228916,0.403101869,0.480165392,48,No Drought
2018-08-29,0.551204819,0.409074567,0.480139693,48,No Drought
2018-09-14,0.503012048,0.383604775,0.443308412,44,No Drought
2018-09-30,0.415662651,0.372054589,0.39385862,39,Mild Drought
2018-10-16,0.277108434,0.392714926,0.33491168,33,Mild Drought
2018-11-01,0.162650602,0.451144061,0.306897332,31,Mild Drought
2018-11-17,0.135542169,0.553700633,0.344621401,34,Mild Drought
2018-12-03,0.295180723,0.636084821,0.465632772,47,No Drought
2018-12-19,0.415662651,0.836947479,0.626305065,63,No Drought
2019-01-01,0.674698795,0.909767028,0.792232912,79,No Drought
2019-01-17,0.671686747,0.929439324,0.800563035,80,No Drought
2019-02-02,0.861445783,0.801541479,0.831493631,83,No Drought
2019-02-18,1,0.926334063,0.963167032,96,No Drought
2019-03-06,0.819277108,0.834983872,0.82713049,83,No Drought
2019-03-22,0.512048193,0.717039197,0.614543695,61,No Drought
2019-04-07,0.171686747,0.408280563,0.289983655,29,Moderate Drought
2019-04-23,0.075301205,0.40487999,0.240090597,24,Moderate Drought
2019-05-09,0.048192771,0.180802888,0.11449783,11,Severe Drought
2019-05-25,0.102409639,0.275803396,0.189106517,19,Severe Drought
2019-06-10,0.174698795,0.051165074,0.112931934,11,Severe Drought
2019-06-26,0.222891566,0.300758867,0.261825217,26,Moderate Drought
2019-07-12,0.340361446,0.398936572,0.369649009,37,Mild Drought
2019-07-28,0.608433735,0.416765906,0.512599821,51,No Drought
2019-08-13,0.620481928,0.407649658,0.514065793,51,No Drought
2019-08-29,0.68373494,0.38871564,0.53622529,54,No Drought
2019-09-14,0.647590361,0.396463548,0.522026955,52,No Drought
2019-09-30,0.524096386,0.403958401,0.464027393,46,No Drought
2019-10-16,0.430722892,0.480883813,0.455803352,46,No Drought
2019-11-01,0.262048193,0.457167107,0.35960765,36,Mild Drought
2019-11-17,0.18373494,0.588481826,0.386108383,39,Mild Drought
2019-12-03,0.186746988,0.728933985,0.457840486,46,No Drought
2019-12-19,0.530120482,0.745726864,0.637923673,64,No Drought
2020-01-01,0.677710843,0.628655557,0.6531832,65,No Drought
2020-01-17,0.644578313,0.988967581,0.816772947,82,No Drought
2020-02-02,0.81626506,0.985630732,0.900947896,90,No Drought
2020-02-18,0.963855422,0.864301648,0.914078535,91,No Drought
2020-03-05,0.834337349,0.771499782,0.802918566,80,No Drought
2020-03-21,0.551204819,0.751151059,0.651177939,65,No Drought
2020-04-06,0.213855422,0.636418559,0.42513699,43,No Drought
2020-04-22,0.144578313,0.391823414,0.268200863,27,Moderate Drought
2020-05-08,0.093373494,0.156097423,0.124735458,12,Severe Drought
2020-05-24,0.084337349,0.189181838,0.136759594,14,Severe Drought
2020-06-09,0.171686747,0.190931874,0.181309311,18,Severe Drought
2020-06-25,0.274096386,0.27294218,0.273519283,27,Moderate Drought
2020-07-11,0.388554217,0.319833984,0.3541941,35,Mild Drought
2020-07-27,0.518072289,0.364394919,0.441233604,44,No Drought
2020-08-12,0.659638554,0.387461906,0.52355023,52,No Drought
2020-08-28,0.759036145,0.437355626,0.598195885,60,No Drought
2020-09-13,0.762048193,0.467745097,0.614896645,61,No Drought
2020-09-29,0.490963855,0.310981653,0.400972754,40,No Drought
2020-10-15,0.36746988,0.282937882,0.325203881,33,Mild Drought
2020-10-31,0.237951807,0.434332903,0.336142355,34,Mild Drought
2020-11-16,0.15060241,0.590023456,0.370312933,37,Mild Drought
2020-12-02,0.204819277,0.717933758,0.461376517,46,No Drought
2020-12-18,0.43373494,0.727568034,0.580651487,58,No Drought
2021-01-01,0.671686747,0.926966607,0.799326677,80,No Drought
2021-01-17,0.710843373,0.797518873,0.754181123,75,No Drought
2021-02-02,0.801204819,0.889359268,0.845282044,85,No Drought
2021-02-18,0.840361446,0.789263662,0.814812554,81,No Drought
2021-03-06,0.707831325,0.638677217,0.673254271,67,No Drought
2021-03-22,0.295180723,0.558116334,0.426648528,43,No Drought
2021-04-07,0.15060241,0.508344238,0.329473324,33,Mild Drought
2021-04-23,0.123493976,0.417028231,0.270261103,27,Moderate Drought
2021-05-09,0.084337349,0.201458061,0.142897705,14,Severe Drought
2021-05-25,0.102409639,0.281503168,0.191956403,19,Severe Drought
2021-06-10,0.240963855,0.234114801,0.237539328,24,Moderate Drought
2021-06-26,0.334337349,0.413856197,0.374096773,37,Mild Drought
2021-07-12,0.439759036,0.350883378,0.395321207,40,Mild Drought
2021-07-28,0.524096386,0.428392273,0.476244329,48,No Drought
2021-08-13,0.53313253,0.440154835,0.486643682,49,No Drought
2021-08-29,0.61746988,0.401457292,0.509463586,51,No Drought
2021-09-14,0.668674699,0.377130213,0.522902456,52,No Drought
2021-09-30,0.496987952,0.440159998,0.468573975,47,No Drought
2021-10-16,0.427710843,0.395478496,0.41159467,41,No Drought
2021-11-01,0.246987952,0.541573858,0.394280905,39,Mild Drought
2021-11-17,0.156626506,0.611964953,0.384295729,38,Mild Drought
2021-12-03,0.325301205,0.677018498,0.501159851,50,No Drought
2021-12-19,0.454819277,0.862893961,0.658856619,66,No Drought
